optimizer,test_cross_entropy,test_accuracy
sgd,0.1684049429367955,0.9510869565217391
momentum,0.15046294586852177,0.9565217391304348
adam,0.1268094145245568,0.9565217391304348
