metric,mean,std,ci_low,ci_high,n
test_cross_entropy,0.1604945314252439,6.121265291317326e-05,0.16041853806269998,0.1605705247877878,5
test_accuracy,0.95,0.0,0.95,0.95,5
